question,answer,embedding
How can the trained ANN model be used to simulate different earthquake intensities and study structural behavior?,"How can the trained ANN model be used to simulate different earthquake intensities and study structural behavior?

To simulate different earthquake intensities and study structural behavior, the trained ANN model can be used as follows:

1. Define the input parameters: The input parameters to the ANN model are the ground motion parameters such as PGA, PGV, and spectral acceleration at different frequencies.
2. Define the output parameters: The output parameters of the AN","[-0.06919420510530472, -0.11482051759958267, 0.055764779448509216, 0.03100508265197277, 0.007479577325284481, -0.021042417734861374, -0.09057699143886566, 0.03139180317521095, -0.028375085443258286, -0.0013225749135017395, -0.044583506882190704, -0.061152804642915726, 0.04088752716779709, -0.1049947440624237, -0.01169541571289301, 0.003479049075394869, -0.015841292217373848, 0.06491229683160782, -0.014880807138979435, 0.04720687121152878, 0.014795887283980846, -0.014260745607316494, -0.06549841165542603, -0.02144484780728817, -0.017591189593076706, -0.024360259994864464, 0.014596624299883842, 0.057965975254774094, -0.037323206663131714, -0.0443415641784668, 0.1642213612794876, -0.04276835545897484, 0.028065336868166924, -0.004471945576369762, -0.04128114879131317, 0.012508220970630646, -0.01881376840174198, -0.07790037244558334, -0.11969974637031555, -0.010579819791018963, 0.000396465155063197, 0.012075147591531277, 0.04647728055715561, -0.02794145792722702, 0.11703018099069595, 0.003591915825381875, -0.027013881132006645, -0.0707450732588768, -0.034052398055791855, 0.028153283521533012, -0.02596387453377247, -0.05026274919509888, -0.007997049018740654, -0.0443541444838047, -0.015931323170661926, 0.005599034950137138, 0.06270043551921844, 0.0021460214629769325, 0.024050768464803696, 0.02240154519677162, 0.055145349353551865, 0.006888321600854397, -0.060084644705057144, -0.03931374102830887, 0.07559949159622192, -0.013583800755441189, 0.02094055525958538, 0.054717086255550385, 0.051580656319856644, -0.09516891092061996, 0.006250332109630108, -0.008585434406995773, -0.005899455398321152, -0.04242527112364769, -0.005758046638220549, 0.0448145754635334, 0.024164019152522087, 0.056671593338251114, 0.016156384721398354, -0.057331569492816925, -0.03070889599621296, -0.023842550814151764, 0.017375949770212173, -0.1224023699760437, -0.009201106615364552, 0.10099533945322037, -0.00012781449186149985, 0.07790490984916687, 0.08145849406719208, 0.04284239932894707, 0.04837425425648689, 0.07697092741727829, -0.053044144064188004, 0.014495721086859703, 0.021688811480998993, 0.036290038377046585, -0.024797409772872925, -0.06874984502792358, -0.007771769538521767, 0.08326677978038788, 3.5214816307416186e-05, 0.07305766642093658, 0.03785556182265282, 0.09439541399478912, 0.024724699556827545, -0.007758496794849634, -0.00024749492877162993, -0.01995362900197506, 0.043222278356552124, 0.01986301690340042, 0.061136484146118164, 0.017921175807714462, 0.004375654272735119, -0.07134003192186356, 0.06741687655448914, -0.044448696076869965, 0.01101315300911665, 0.006992463953793049, 0.03338036313652992, 0.011960658244788647, -0.04918869212269783, -0.07166392356157303, -0.06238445267081261, 0.06125463545322418, 0.007702063303440809, -0.01695932075381279, -0.06909216940402985, 2.2049450998274217e-33, -0.014681587927043438, 0.07853784412145615, -0.01993403770029545, -0.0535326711833477, 0.011990216560661793, 0.023816583678126335, 0.004534081555902958, 0.018349094316363335, 0.08019810169935226, -0.0724966898560524, -0.08005581796169281, -0.02495647966861725, -0.021351773291826248, 0.08346329629421234, -0.05603356659412384, -0.01420836802572012, 0.024838652461767197, -0.024589156731963158, -0.0045391651801764965, 0.018138887360692024, 0.05816270038485527, -0.02875429391860962, -0.01630784198641777, 0.0017404273385182023, -0.01059818547219038, 0.07315144687891006, 0.03019578382372856, 0.050492316484451294, -0.09673991799354553, -0.008288463577628136, 0.05708920955657959, 0.02433399111032486, -0.034830305725336075, 0.0418386273086071, 0.03230597451329231, -0.023777419701218605, 0.0775766596198082, 0.08685886859893799, -0.06606242060661316, -0.0463448241353035, -0.014191866852343082, -0.026901401579380035, 0.0888538509607315, 0.06213056296110153, -0.033620111644268036, -0.05013309046626091, 0.07007618993520737, 0.03647666797041893, 0.04910517856478691, -0.022028878331184387, -0.04542725905776024, -0.0038457121700048447, -0.05354364588856697, -0.08101890981197357, -0.03708162158727646, 0.048889096826314926, 0.04206974804401398, 0.01622765325009823, -0.0048662396147847176, 0.01202250737696886, -0.022183600813150406, -0.017063112929463387, 0.07215195894241333, -0.022511189803481102, 0.042821887880563736, 0.09223515540361404, -0.02854674682021141, -0.04477508366107941, 0.09153154492378235, 0.04550107195973396, -0.0038756506983190775, 0.0005182370659895241, 0.0010746825719252229, 0.029583582654595375, -0.0699867382645607, -0.05719392001628876, -0.05934707075357437, -0.04375157505273819, -0.03547874838113785, 0.029808303341269493, -0.06604018807411194, 0.03740980476140976, -0.0030847075395286083, 0.02660265378654003, 0.014394938945770264, -0.039980199187994, 0.02317412570118904, -0.00711026880890131, -0.005034334491938353, -0.09772980213165283, -0.007996883243322372, 0.049693454056978226, 0.0583372637629509, 0.023613208904862404, 0.0367952436208725, -2.0215036962518343e-33, -0.0027375866193324327, 0.16412699222564697, -0.12894196808338165, 0.03673403337597847, 0.025007938966155052, 0.017696192488074303, -0.04779087007045746, 0.028793426230549812, -0.013889748603105545, -0.0020987822208553553, -0.04338132217526436, -0.09063713997602463, 0.013133132830262184, -0.02275482565164566, 0.0036270066630095243, -0.03904116153717041, -0.0021459064446389675, -0.05768704041838646, 0.00968962348997593, 0.0703248456120491, -0.054167650640010834, 0.019029632210731506, -0.09731739014387131, -0.021095244213938713, 0.08739419281482697, -0.053792379796504974, -0.02092757821083069, 0.023284701630473137, -0.018570203334093094, -0.030753782019019127, -0.032055195420980453, 0.06640803068876266, 0.001604245975613594, 0.03555469587445259, 0.011042740195989609, 0.07890979200601578, 0.08128486573696136, -0.030417434871196747, 0.046155769377946854, -0.009224607609212399, 0.0027504258323460817, 0.08242407441139221, -0.003694333368912339, 0.05872656777501106, -0.019305776804685593, 0.03169986233115196, 0.05339784547686577, 0.01736362837255001, -0.0646137073636055, 0.008639986626803875, 0.007408601231873035, -0.008210851810872555, -0.04557298868894577, -0.03912873566150665, -0.017405837774276733, -0.019995685666799545, 0.023798318579792976, -0.036811988800764084, -0.030611593276262283, -0.024605967104434967, -0.05937528982758522, -0.08145812153816223, 0.048564210534095764, 0.023073045536875725, -0.036119263619184494, 0.015219034627079964, -0.05736937001347542, -0.029835443943738937, -0.020817141979932785, 0.04619521275162697, -0.00802343338727951, 0.06630364060401917, 0.10377368330955505, 0.03415905684232712, -0.015267632901668549, -0.09670283645391464, 0.02152935415506363, -0.0028673841152340174, -0.015290995128452778, -0.06741569191217422, -0.031262751668691635, 0.022365568205714226, 0.05584172531962395, 0.07271542400121689, -0.008713812567293644, 0.07346228510141373, 0.029961412772536278, 0.022321127355098724, 0.018175465986132622, -0.002315542194992304, 0.045839011669158936, 0.1008259579539299, 0.06021685153245926, 0.009346622973680496, -0.09100987017154694, -3.6421536009356714e-08, 0.004170018248260021, -0.07365569472312927, -0.04007423669099808, 0.010784512385725975, 0.009088804014027119, 0.0319993682205677, 0.01959427446126938, -0.053433842957019806, -0.0257991012185812, -0.02263960801064968, -0.0330069363117218, 0.009300065226852894, -0.05331451818346977, -0.04188363626599312, 0.0173137616366148, -0.023586098104715347, 0.09858912974596024, 0.12256766855716705, -0.07707055658102036, 0.07397233694791794, 0.09650900214910507, 0.03781596198678017, -0.02785906009376049, -0.006247994489967823, 0.1061055064201355, -0.04451405629515648, -0.092819444835186, 0.001930821337737143, -0.023210939019918442, 0.14114615321159363, -0.0003899036964867264, -0.017646424472332, -0.049970485270023346, -0.017688622698187828, 0.0020525555592030287, 0.10948770493268967, 0.09716793149709702, 0.024036582559347153, -0.03112003579735756, -0.012618806213140488, -0.05232640728354454, 0.010976885445415974, -0.08591528981924057, -0.04650354012846947, 0.07313473522663116, -0.03265441954135895, -0.07485253363847733, -0.1818871945142746, 0.09829504787921906, 0.0886019840836525, 0.020340077579021454, -0.008140484802424908, -0.04783615842461586, 0.005545618012547493, 0.037459298968315125, 0.0018540032906457782, -0.02774752490222454, -0.0776950791478157, 0.019239043816924095, 0.014566040597856045, -0.04336625710129738, 0.016599297523498535, 0.0005724836373701692, -0.06720639020204544]"
Why do the study's findings represent a promising approach for ensuring the safety of buildings and structures during earthquakes?,"Why do the study's findings represent a promising approach for ensuring the safety of buildings and structures during earthquakes?

The study's findings represent a promising approach for ensuring the safety of buildings and structures during earthquakes because they provide a new way to assess the seismic performance of structures based on their actual behavior during earthquakes, rather than relying solely on theoretical calculations or laboratory tests. This approach can help identify weaknesses and vulnerabilities in structures that may not be apparent through traditional","[-0.005463397596031427, 0.03801092505455017, 0.07207215577363968, 0.08254065364599228, 0.04749999940395355, -0.08321703970432281, -0.09474536776542664, 0.0683746188879013, 0.004480705596506596, 0.042873334139585495, -0.03848380967974663, -0.053907331079244614, 0.07370278984308243, -0.013228684663772583, -0.05059639737010002, -0.028804603964090347, 0.008919487707316875, 0.015677541494369507, -0.03736887872219086, 0.080656036734581, -0.02938173897564411, -0.022114798426628113, 0.006545568350702524, 0.009701099246740341, -0.02703976258635521, 0.03247645124793053, -0.0887250080704689, 0.023782074451446533, -0.040806692093610764, -0.01832089014351368, 0.040899716317653656, -0.041220396757125854, 0.06696444004774094, -0.02579297125339508, -0.003348330967128277, 0.08374542742967606, 0.020740237087011337, -0.06619305163621902, -0.018054839223623276, 0.005135390441864729, -0.11287785321474075, -0.02503010258078575, 0.08545263856649399, -0.011673077940940857, -0.03463783860206604, 3.544246283126995e-06, 0.020901812240481377, -0.12890714406967163, -0.09257970750331879, 0.014024682343006134, -0.009368428029119968, 0.03762657195329666, 0.03301773592829704, -0.04610012471675873, -0.029924301430583, -0.002051039831712842, 0.04055725783109665, -0.016029613092541695, -0.021783879026770592, 0.023272844031453133, 0.1409817636013031, 0.02497931756079197, -0.08807574212551117, -0.03130779415369034, 0.08310496807098389, 0.025811733677983284, 0.04368715360760689, -3.7967725802445784e-05, 0.001082570874132216, 0.020632075145840645, 0.0642285868525505, -0.042543310672044754, 0.07176230102777481, 0.002936144359409809, 0.05855279415845871, 0.034058038145303726, -0.05465596541762352, -0.021445011720061302, -0.006454650312662125, -0.08250594884157181, 0.041123759001493454, -0.06162698566913605, -0.04492117837071419, -0.034185994416475296, 0.061607446521520615, 0.11865632981061935, -0.008189745247364044, 0.054863180965185165, -0.005652272142469883, 0.038915958255529404, 0.057106632739305496, -0.008740024641156197, 0.01605314016342163, 0.09147751331329346, 0.10436392575502396, 0.032418638467788696, -0.10049008578062057, -0.046412695199251175, 0.03070753812789917, -0.0031880796886980534, 0.0035606848541647196, 0.0485701784491539, -0.0005537871038541198, 0.007199222221970558, 0.031802721321582794, -0.0374266542494297, -0.02726002037525177, -0.02322910726070404, -0.0005506622255779803, 0.044647231698036194, 0.04987857863306999, -0.0026675246190279722, 0.030322948470711708, 0.007825600914657116, -0.02928520366549492, -0.04728490114212036, -0.04619079455733299, 0.0031845972407609224, 0.013143316842615604, 0.027505284175276756, 0.12856191396713257, -0.06562663614749908, 0.04575271159410477, -0.010811328887939453, 0.016303978860378265, -0.0329362191259861, -0.03851892799139023, 2.0449189927072373e-33, 0.010590157471597195, 0.045574892312288284, -0.07426362484693527, -0.007777149323374033, 0.044213712215423584, -0.05658917501568794, -0.08038569986820221, 0.023831604048609734, -0.027606690302491188, 0.04939024895429611, -0.010758733376860619, -0.016052121296525, 0.03594311699271202, 0.03391604498028755, 0.03340878710150719, 0.04506174102425575, 0.024537838995456696, -0.04098111391067505, -0.06438355892896652, -0.005978546570986509, 0.060348544269800186, -0.11952939629554749, 0.01613622158765793, -0.010757848620414734, -0.02492116205394268, 0.00048037865781225264, -0.014068003743886948, 0.0604555681347847, -0.14864516258239746, -6.728751031914726e-05, -0.059403739869594574, 0.03394042328000069, -0.04262584447860718, 0.022205013781785965, 0.018455760553479195, 0.06446056813001633, -0.034055378288030624, 0.005979463923722506, -0.08497090637683868, -0.027698229998350143, -0.04333470016717911, -0.06803717464208603, -0.001101209199987352, 0.08171956986188889, 0.12375348806381226, 0.016341885551810265, -0.04285285994410515, -0.014713467098772526, -0.0016880601178854704, -0.05540502443909645, 0.0004041364591103047, 0.007096915505826473, -0.01422940194606781, 0.04433603212237358, -0.018925780430436134, 0.032866522669792175, 0.04523230344057083, -0.050643887370824814, -0.017568401992321014, 0.042341310530900955, -0.030959725379943848, 0.01950744539499283, -0.025059135630726814, -0.021046364679932594, -0.011299028061330318, 0.020334675908088684, -0.0017504148418083787, -0.028560705482959747, 0.01594657450914383, 0.0021311244927346706, -0.04048626869916916, 0.021328100934624672, -0.019173676148056984, 0.04997115954756737, -0.1292414367198944, -0.07398738712072372, -0.07679682224988937, 0.07778693735599518, 0.03959916532039642, 0.03730524703860283, 0.036327335983514786, 0.015682309865951538, 0.04278005287051201, 0.031915150582790375, -0.019439712166786194, 0.009597303345799446, 0.05440044030547142, 0.024957600980997086, -0.0761086493730545, 0.046143367886543274, 0.019667431712150574, -0.03523094579577446, 0.08288218826055527, 0.008118251338601112, -0.031232761219143867, -4.3939141294012146e-33, -0.0975242629647255, 0.034153278917074203, -0.09354520589113235, 0.025783507153391838, -0.064020074903965, -0.018273456022143364, -0.10855729877948761, -0.06443940103054047, -0.03354775905609131, -0.02256489358842373, 0.0059379693120718, -0.03217842057347298, 0.01640726439654827, -0.017138328403234482, 0.005942920222878456, -0.010472659952938557, 0.004725609440356493, -0.11602870374917984, -0.07491998374462128, 0.006964336149394512, 0.07994545251131058, -0.02357381395995617, -0.08606386184692383, 0.018567347899079323, -0.034547992050647736, -0.015524289570748806, -0.04379747062921524, -0.1284722238779068, -0.026033440604805946, -0.01591149903833866, -0.09032870829105377, 0.04842051491141319, 0.005102172028273344, 0.023854952305555344, 0.02497282065451145, 0.04323268309235573, 0.06409470736980438, -0.07604997605085373, 0.05347149819135666, -0.07451702654361725, 0.026886293664574623, 0.16825541853904724, 0.03539568558335304, -0.03619200736284256, 0.004000761080533266, 0.06556296348571777, 0.04015441611409187, 0.01435920875519514, -0.09611447900533676, -0.035390596836805344, 0.06025472283363342, 0.007258945610374212, -0.041464418172836304, -0.08252961188554764, 0.08609143644571304, 0.02319241315126419, 0.010323328897356987, -0.0492890365421772, -0.023105686530470848, 0.08454731106758118, -0.0009290436864830554, 0.009603443555533886, -0.061563313007354736, 0.12760615348815918, -0.014229227788746357, 0.0818207785487175, -0.12256494164466858, -0.05775149166584015, 0.014533843845129013, 0.05851554125547409, -0.02294434979557991, -0.007503865286707878, -0.014354713261127472, -0.032217808067798615, -0.027799682691693306, -0.09661928564310074, -0.03541791811585426, 0.048913076519966125, -0.045176830142736435, 0.03067660890519619, 0.03935595601797104, -0.037535544484853745, 0.034269288182258606, 0.061628732830286026, 0.008470659144222736, -0.04317424073815346, 0.021607572212815285, -0.02442622371017933, -0.010397866368293762, -0.00781850703060627, -0.04543905705213547, 0.020692704245448112, -0.030468475073575974, -0.05051346868276596, 0.04592828080058098, -4.5947583515726365e-08, 0.011231692507863045, -0.05881901830434799, -0.060131754726171494, -0.09331326186656952, 0.013038063421845436, 0.04383477196097374, 0.02946520410478115, -0.07562422752380371, -0.05131165310740471, 0.001378924585878849, 0.006581692490726709, -0.02604929730296135, -0.05889900401234627, 0.021536698564887047, -0.07198870927095413, -0.017572851851582527, 0.04269704222679138, 0.08099937438964844, -0.09589030593633652, 0.033243730664253235, 0.07937243580818176, 0.053694576025009155, 0.019915984943509102, 0.03660658746957779, 0.059264056384563446, 0.0028596878983080387, -0.05115619674324989, -0.02300012856721878, -0.005487161688506603, 0.05040619894862175, -0.029752543196082115, -0.00875417422503233, -0.03976636752486229, 0.0029146892484277487, 0.035788942128419876, 0.15625141561031342, 0.0826997458934784, 0.04758968949317932, 0.050281185656785965, 0.010506344959139824, -0.050132736563682556, -0.03932248428463936, -0.041518256068229675, 0.07972949743270874, -0.0060431393794715405, -0.03935819864273071, -0.077023945748806, 0.037931352853775024, 0.024810217320919037, -0.018571192398667336, 0.05993267148733139, -0.024197977036237717, -0.007334998343139887, 0.037255581468343735, 0.017159298062324524, 0.046053603291511536, 0.02751854807138443, -0.04488404095172882, 0.037376318126916885, -0.02396506629884243, 0.05546159669756889, 0.05012758448719978, 0.031589481979608536, -0.03962712362408638]"
